State,Date,Doses
Andaman and Nicobar Islands,16/01/2021,225
Andaman and Nicobar Islands,18/01/2021,442
Andaman and Nicobar Islands,19/01/2021,644
Andaman and Nicobar Islands,20/01/2021,644
Andaman and Nicobar Islands,21/01/2021,1032
Andaman and Nicobar Islands,22/01/2021,1466
Andaman and Nicobar Islands,23/01/2021,1998
Andaman and Nicobar Islands,24/01/2021,2019
Andaman and Nicobar Islands,25/01/2021,2369
Andaman and Nicobar Islands,26/01/2021,2369
Andaman and Nicobar Islands,27/01/2021,2385
Andaman and Nicobar Islands,28/01/2021,2656
Andaman and Nicobar Islands,29/01/2021,2727
Andaman and Nicobar Islands,30/01/2021,2727
Andaman and Nicobar Islands,31/01/2021,2727
Andaman and Nicobar Islands,01/02/2021,2727
Andaman and Nicobar Islands,02/02/2021,2727
Andaman and Nicobar Islands,03/02/2021,2772
Andaman and Nicobar Islands,04/02/2021,2938
Andaman and Nicobar Islands,05/02/2021,3161
Andaman and Nicobar Islands,06/02/2021,3161
Andaman and Nicobar Islands,07/02/2021,3397
Andaman and Nicobar Islands,08/02/2021,3397
Andaman and Nicobar Islands,09/02/2021,3413
Andaman and Nicobar Islands,10/02/2021,3413
Andaman and Nicobar Islands,11/02/2021,3454
Andaman and Nicobar Islands,12/02/2021,3454
Andaman and Nicobar Islands,13/02/2021,3646
Andaman and Nicobar Islands,14/02/2021,3646
Andaman and Nicobar Islands,15/02/2021,4029
Andaman and Nicobar Islands,16/02/2021,4029
Andaman and Nicobar Islands,17/02/2021,4227
Andaman and Nicobar Islands,18/02/2021,4842
Andaman and Nicobar Islands,19/02/2021,5348
Andaman and Nicobar Islands,20/02/2021,6152
Andaman and Nicobar Islands,21/02/2021,6152
Andaman and Nicobar Islands,22/02/2021,7312
Andaman and Nicobar Islands,23/02/2021,7583
Andaman and Nicobar Islands,24/02/2021,7762
Andaman and Nicobar Islands,25/02/2021,8419
Andaman and Nicobar Islands,26/02/2021,8556
Andaman and Nicobar Islands,27/02/2021,8556
Andaman and Nicobar Islands,28/02/2021,8556
Andaman and Nicobar Islands,01/03/2021,9137
Andaman and Nicobar Islands,02/03/2021,9501
Andaman and Nicobar Islands,03/03/2021,9501
Andaman and Nicobar Islands,04/03/2021,9501
Andaman and Nicobar Islands,05/03/2021,11119
Andaman and Nicobar Islands,06/03/2021,11842
Andaman and Nicobar Islands,07/03/2021,12052
Andaman and Nicobar Islands,08/03/2021,12888
Andaman and Nicobar Islands,09/03/2021,13470
Andaman and Nicobar Islands,10/03/2021,13797
Andaman and Nicobar Islands,11/03/2021,14288
Andaman and Nicobar Islands,12/03/2021,14874
Andaman and Nicobar Islands,13/03/2021,15203
Andaman and Nicobar Islands,14/03/2021,15203
Andaman and Nicobar Islands,15/03/2021,15583
Andaman and Nicobar Islands,16/03/2021,16194
Andaman and Nicobar Islands,17/03/2021,16194
Andhra Pradesh,16/01/2021,18412
Andhra Pradesh,18/01/2021,46680
Andhra Pradesh,19/01/2021,58495
Andhra Pradesh,20/01/2021,91778
Andhra Pradesh,21/01/2021,115365
Andhra Pradesh,22/01/2021,133298
Andhra Pradesh,23/01/2021,147030
Andhra Pradesh,24/01/2021,147030
Andhra Pradesh,25/01/2021,156120
Andhra Pradesh,26/01/2021,156129
Andhra Pradesh,27/01/2021,163727
Andhra Pradesh,28/01/2021,171683
Andhra Pradesh,29/01/2021,179038
Andhra Pradesh,30/01/2021,187252
Andhra Pradesh,31/01/2021,187252
Andhra Pradesh,01/02/2021,187252
Andhra Pradesh,02/02/2021,187252
Andhra Pradesh,03/02/2021,215171
Andhra Pradesh,04/02/2021,243243
Andhra Pradesh,05/02/2021,272190
Andhra Pradesh,06/02/2021,299649
Andhra Pradesh,07/02/2021,299649
Andhra Pradesh,08/02/2021,314316
Andhra Pradesh,09/02/2021,325538
Andhra Pradesh,10/02/2021,335268
Andhra Pradesh,11/02/2021,343813
Andhra Pradesh,12/02/2021,351993
Andhra Pradesh,13/02/2021,362341
Andhra Pradesh,14/02/2021,362341
Andhra Pradesh,15/02/2021,376444
Andhra Pradesh,16/02/2021,390665
Andhra Pradesh,17/02/2021,411783
Andhra Pradesh,18/02/2021,438766
Andhra Pradesh,19/02/2021,469815
Andhra Pradesh,20/02/2021,493471
Andhra Pradesh,21/02/2021,503323
Andhra Pradesh,22/02/2021,529820
Andhra Pradesh,23/02/2021,556810
Andhra Pradesh,24/02/2021,592903
Andhra Pradesh,25/02/2021,634449
Andhra Pradesh,26/02/2021,668944
Andhra Pradesh,27/02/2021,668944
Andhra Pradesh,28/02/2021,668944
Andhra Pradesh,01/03/2021,683633
Andhra Pradesh,02/03/2021,699364
Andhra Pradesh,03/03/2021,722601
Andhra Pradesh,04/03/2021,748938
Andhra Pradesh,05/03/2021,785878
Andhra Pradesh,06/03/2021,834025
Andhra Pradesh,07/03/2021,834025
Andhra Pradesh,08/03/2021,882244
Andhra Pradesh,09/03/2021,930160
Andhra Pradesh,10/03/2021,973239
Andhra Pradesh,11/03/2021,981721
Andhra Pradesh,12/03/2021,1031926
Andhra Pradesh,13/03/2021,1077813
Andhra Pradesh,14/03/2021,1077813
Andhra Pradesh,15/03/2021,1078395
Andhra Pradesh,16/03/2021,1235282
Andhra Pradesh,17/03/2021,1316192
Arunachal Pradesh,16/01/2021,829
Arunachal Pradesh,18/01/2021,2805
Arunachal Pradesh,19/01/2021,2805
Arunachal Pradesh,20/01/2021,3023
Arunachal Pradesh,21/01/2021,4682
Arunachal Pradesh,22/01/2021,5956
Arunachal Pradesh,23/01/2021,6511
Arunachal Pradesh,24/01/2021,6511
Arunachal Pradesh,25/01/2021,7307
Arunachal Pradesh,26/01/2021,7307
Arunachal Pradesh,27/01/2021,7307
Arunachal Pradesh,28/01/2021,8656
Arunachal Pradesh,29/01/2021,9265
Arunachal Pradesh,30/01/2021,9651
Arunachal Pradesh,31/01/2021,9651
Arunachal Pradesh,01/02/2021,9791
Arunachal Pradesh,02/02/2021,9791
Arunachal Pradesh,03/02/2021,9846
Arunachal Pradesh,04/02/2021,10889
Arunachal Pradesh,05/02/2021,11834
Arunachal Pradesh,06/02/2021,12346
Arunachal Pradesh,07/02/2021,12346
Arunachal Pradesh,08/02/2021,13479
Arunachal Pradesh,09/02/2021,13480
Arunachal Pradesh,10/02/2021,13480
Arunachal Pradesh,11/02/2021,14322
Arunachal Pradesh,12/02/2021,15098
Arunachal Pradesh,13/02/2021,16094
Arunachal Pradesh,14/02/2021,16094
Arunachal Pradesh,15/02/2021,18187
Arunachal Pradesh,16/02/2021,18187
Arunachal Pradesh,17/02/2021,18187
Arunachal Pradesh,18/02/2021,21300
Arunachal Pradesh,19/02/2021,23559
Arunachal Pradesh,20/02/2021,23743
Arunachal Pradesh,21/02/2021,23743
Arunachal Pradesh,22/02/2021,26650
Arunachal Pradesh,23/02/2021,27916
Arunachal Pradesh,24/02/2021,27930
Arunachal Pradesh,25/02/2021,30524
Arunachal Pradesh,26/02/2021,32120
Arunachal Pradesh,27/02/2021,32120
Arunachal Pradesh,28/02/2021,32120
Arunachal Pradesh,01/03/2021,34881
Arunachal Pradesh,02/03/2021,37031
Arunachal Pradesh,03/03/2021,37162
Arunachal Pradesh,04/03/2021,40830
Arunachal Pradesh,05/03/2021,43918
Arunachal Pradesh,06/03/2021,45667
Arunachal Pradesh,07/03/2021,45667
Arunachal Pradesh,08/03/2021,48474
Arunachal Pradesh,09/03/2021,50384
Arunachal Pradesh,10/03/2021,50384
Arunachal Pradesh,11/03/2021,53386
Arunachal Pradesh,12/03/2021,55709
Arunachal Pradesh,13/03/2021,57056
Arunachal Pradesh,14/03/2021,57056
Arunachal Pradesh,15/03/2021,96798
Arunachal Pradesh,16/03/2021,62168
Arunachal Pradesh,17/03/2021,62168
Assam,16/01/2021,3528
Assam,18/01/2021,5542
Assam,19/01/2021,7418
Assam,20/01/2021,7585
Assam,21/01/2021,10676
Assam,22/01/2021,13881
Assam,23/01/2021,13881
Assam,24/01/2021,13881
Assam,25/01/2021,19837
Assam,26/01/2021,19837
Assam,27/01/2021,19945
Assam,28/01/2021,28918
Assam,29/01/2021,36932
Assam,30/01/2021,38106
Assam,31/01/2021,38106
Assam,01/02/2021,39724
Assam,02/02/2021,42435
Assam,03/02/2021,43607
Assam,04/02/2021,60556
Assam,05/02/2021,77225
Assam,06/02/2021,87269
Assam,07/02/2021,88585
Assam,08/02/2021,99889
Assam,09/02/2021,108887
Assam,10/02/2021,110977
Assam,11/02/2021,117607
Assam,12/02/2021,125038
Assam,13/02/2021,129781
Assam,14/02/2021,129873
Assam,15/02/2021,132475
Assam,16/02/2021,135419
Assam,17/02/2021,137224
Assam,18/02/2021,146748
Assam,19/02/2021,157532
Assam,20/02/2021,164309
Assam,21/02/2021,165804
Assam,22/02/2021,179102
Assam,23/02/2021,190374
Assam,24/02/2021,195420
Assam,25/02/2021,211037
Assam,26/02/2021,223581
Assam,27/02/2021,223581
Assam,28/02/2021,223581
Assam,01/03/2021,230799
Assam,02/03/2021,251303
Assam,03/03/2021,270406
Assam,04/03/2021,316106
Assam,05/03/2021,357619
Assam,06/03/2021,394401
Assam,07/03/2021,405394
Assam,08/03/2021,441699
Assam,09/03/2021,469387
Assam,10/03/2021,488139
Assam,11/03/2021,508981
Assam,12/03/2021,528177
Assam,13/03/2021,538913
Assam,14/03/2021,539254
Assam,15/03/2021,544905
Assam,16/03/2021,580695
Assam,17/03/2021,590838
Bihar,16/01/2021,18169
Bihar,18/01/2021,33389
Bihar,19/01/2021,42085
Bihar,20/01/2021,47433
Bihar,21/01/2021,63541
Bihar,22/01/2021,63620
Bihar,23/01/2021,76125
Bihar,24/01/2021,76125
Bihar,25/01/2021,88450
Bihar,26/01/2021,88450
Bihar,27/01/2021,89074
Bihar,28/01/2021,107174
Bihar,29/01/2021,110396
Bihar,30/01/2021,146015
Bihar,31/01/2021,148293
Bihar,01/02/2021,184215
Bihar,02/02/2021,222153
Bihar,03/02/2021,264097
Bihar,04/02/2021,312339
Bihar,05/02/2021,354360
Bihar,06/02/2021,374538
Bihar,07/02/2021,380229
Bihar,08/02/2021,397555
Bihar,09/02/2021,415989
Bihar,10/02/2021,430307
Bihar,11/02/2021,448903
Bihar,12/02/2021,471683
Bihar,13/02/2021,491233
Bihar,14/02/2021,492152
Bihar,15/02/2021,509026
Bihar,16/02/2021,510485
Bihar,17/02/2021,518095
Bihar,18/02/2021,540107
Bihar,19/02/2021,550433
Bihar,20/02/2021,561343
Bihar,21/02/2021,561857
Bihar,22/02/2021,582950
Bihar,23/02/2021,592457
Bihar,24/02/2021,600795
Bihar,25/02/2021,624386
Bihar,26/02/2021,639370
Bihar,27/02/2021,639370
Bihar,28/02/2021,639370
Bihar,01/03/2021,643349
Bihar,02/03/2021,660596
Bihar,03/03/2021,692382
Bihar,04/03/2021,742349
Bihar,05/03/2021,788907
Bihar,06/03/2021,842232
Bihar,07/03/2021,842232
Bihar,08/03/2021,1044369
Bihar,09/03/2021,1120131
Bihar,10/03/2021,1179290
Bihar,11/03/2021,1179290
Bihar,12/03/2021,1314865
Bihar,13/03/2021,1400949
Bihar,14/03/2021,1400949
Bihar,15/03/2021,1560955
Bihar,16/03/2021,1564107
Bihar,17/03/2021,1634065
Chandigarh,16/01/2021,265
Chandigarh,18/01/2021,265
Chandigarh,19/01/2021,469
Chandigarh,20/01/2021,469
Chandigarh,21/01/2021,753
Chandigarh,22/01/2021,1157
Chandigarh,23/01/2021,1502
Chandigarh,24/01/2021,1502
Chandigarh,25/01/2021,1928
Chandigarh,26/01/2021,1928
Chandigarh,27/01/2021,2355
Chandigarh,28/01/2021,2764
Chandigarh,29/01/2021,2977
Chandigarh,30/01/2021,3447
Chandigarh,31/01/2021,3447
Chandigarh,01/02/2021,3803
Chandigarh,02/02/2021,4019
Chandigarh,03/02/2021,4399
Chandigarh,04/02/2021,4782
Chandigarh,05/02/2021,5234
Chandigarh,06/02/2021,5645
Chandigarh,07/02/2021,5645
Chandigarh,08/02/2021,6027
Chandigarh,09/02/2021,6458
Chandigarh,10/02/2021,6903
Chandigarh,11/02/2021,7374
Chandigarh,12/02/2021,8017
Chandigarh,13/02/2021,8803
Chandigarh,14/02/2021,8803
Chandigarh,15/02/2021,9356
Chandigarh,16/02/2021,10008
Chandigarh,17/02/2021,10860
Chandigarh,18/02/2021,11804
Chandigarh,19/02/2021,12647
Chandigarh,20/02/2021,13748
Chandigarh,21/02/2021,13748
Chandigarh,22/02/2021,15287
Chandigarh,23/02/2021,17003
Chandigarh,24/02/2021,18562
Chandigarh,25/02/2021,20462
Chandigarh,26/02/2021,22602
Chandigarh,27/02/2021,22602
Chandigarh,28/02/2021,22602
Chandigarh,01/03/2021,24323
Chandigarh,02/03/2021,24265
Chandigarh,03/03/2021,26991
Chandigarh,04/03/2021,29841
Chandigarh,05/03/2021,32619
Chandigarh,06/03/2021,35350
Chandigarh,07/03/2021,35350
Chandigarh,08/03/2021,38806
Chandigarh,09/03/2021,41600
Chandigarh,10/03/2021,44467
Chandigarh,11/03/2021,45417
Chandigarh,12/03/2021,48034
Chandigarh,13/03/2021,50592
Chandigarh,14/03/2021,50714
Chandigarh,15/03/2021,209778
Chandigarh,16/03/2021,56017
Chandigarh,17/03/2021,58079
Chhattisgarh,16/01/2021,5592
Chhattisgarh,18/01/2021,10872
Chhattisgarh,19/01/2021,10872
Chhattisgarh,20/01/2021,16255
Chhattisgarh,21/01/2021,22171
Chhattisgarh,22/01/2021,22259
Chhattisgarh,23/01/2021,28732
Chhattisgarh,24/01/2021,28732
Chhattisgarh,25/01/2021,40025
Chhattisgarh,26/01/2021,40025
Chhattisgarh,27/01/2021,51647
Chhattisgarh,28/01/2021,62115
Chhattisgarh,29/01/2021,62529
Chhattisgarh,30/01/2021,72704
Chhattisgarh,31/01/2021,72704
Chhattisgarh,01/02/2021,76705
Chhattisgarh,02/02/2021,79676
Chhattisgarh,03/02/2021,101564
Chhattisgarh,04/02/2021,131173
Chhattisgarh,05/02/2021,150487
Chhattisgarh,06/02/2021,168881
Chhattisgarh,07/02/2021,168881
Chhattisgarh,08/02/2021,184733
Chhattisgarh,09/02/2021,198567
Chhattisgarh,10/02/2021,216784
Chhattisgarh,11/02/2021,233126
Chhattisgarh,12/02/2021,247745
Chhattisgarh,13/02/2021,262107
Chhattisgarh,14/02/2021,262987
Chhattisgarh,15/02/2021,287224
Chhattisgarh,16/02/2021,302990
Chhattisgarh,17/02/2021,318380
Chhattisgarh,18/02/2021,336131
Chhattisgarh,19/02/2021,346550
Chhattisgarh,20/02/2021,361225
Chhattisgarh,21/02/2021,361950
Chhattisgarh,22/02/2021,378902
Chhattisgarh,23/02/2021,389026
Chhattisgarh,24/02/2021,405883
Chhattisgarh,25/02/2021,421991
Chhattisgarh,26/02/2021,429625
Chhattisgarh,27/02/2021,429625
Chhattisgarh,28/02/2021,429625
Chhattisgarh,01/03/2021,443837
Chhattisgarh,02/03/2021,460063
Chhattisgarh,03/03/2021,490690
Chhattisgarh,04/03/2021,535205
Chhattisgarh,05/03/2021,580137
Chhattisgarh,06/03/2021,632750
Chhattisgarh,07/03/2021,634650
Chhattisgarh,08/03/2021,683738
Chhattisgarh,09/03/2021,724260
Chhattisgarh,10/03/2021,774763
Chhattisgarh,11/03/2021,779548
Chhattisgarh,12/03/2021,828187
Chhattisgarh,13/03/2021,885989
Chhattisgarh,14/03/2021,892668
Chhattisgarh,15/03/2021,905866
Chhattisgarh,16/03/2021,1035067
Chhattisgarh,17/03/2021,1114501
Dadra and Nagar Haveli and Daman and Diu,16/01/2021,123
Dadra and Nagar Haveli and Daman and Diu,18/01/2021,123
Dadra and Nagar Haveli and Daman and Diu,19/01/2021,208
Dadra and Nagar Haveli and Daman and Diu,20/01/2021,219
Dadra and Nagar Haveli and Daman and Diu,21/01/2021,278
Dadra and Nagar Haveli and Daman and Diu,22/01/2021,356
Dadra and Nagar Haveli and Daman and Diu,23/01/2021,628
Dadra and Nagar Haveli and Daman and Diu,24/01/2021,628
Dadra and Nagar Haveli and Daman and Diu,25/01/2021,665
Dadra and Nagar Haveli and Daman and Diu,26/01/2021,665
Dadra and Nagar Haveli and Daman and Diu,27/01/2021,665
Dadra and Nagar Haveli and Daman and Diu,28/01/2021,779
Dadra and Nagar Haveli and Daman and Diu,29/01/2021,940
Dadra and Nagar Haveli and Daman and Diu,30/01/2021,1083
Dadra and Nagar Haveli and Daman and Diu,31/01/2021,1083
Dadra and Nagar Haveli and Daman and Diu,01/02/2021,1273
Dadra and Nagar Haveli and Daman and Diu,02/02/2021,1336
Dadra and Nagar Haveli and Daman and Diu,03/02/2021,1487
Dadra and Nagar Haveli and Daman and Diu,04/02/2021,1636
Dadra and Nagar Haveli and Daman and Diu,05/02/2021,1888
Dadra and Nagar Haveli and Daman and Diu,06/02/2021,2212
Dadra and Nagar Haveli and Daman and Diu,07/02/2021,2212
Dadra and Nagar Haveli and Daman and Diu,08/02/2021,2295
Dadra and Nagar Haveli and Daman and Diu,09/02/2021,2540
Dadra and Nagar Haveli and Daman and Diu,10/02/2021,3356
Dadra and Nagar Haveli and Daman and Diu,11/02/2021,3728
Dadra and Nagar Haveli and Daman and Diu,12/02/2021,3985
Dadra and Nagar Haveli and Daman and Diu,13/02/2021,4114
Dadra and Nagar Haveli and Daman and Diu,14/02/2021,4114
Dadra and Nagar Haveli and Daman and Diu,15/02/2021,4394
Dadra and Nagar Haveli and Daman and Diu,16/02/2021,4647
Dadra and Nagar Haveli and Daman and Diu,17/02/2021,5811
Dadra and Nagar Haveli and Daman and Diu,18/02/2021,6341
Dadra and Nagar Haveli and Daman and Diu,19/02/2021,6795
Dadra and Nagar Haveli and Daman and Diu,20/02/2021,7131
Dadra and Nagar Haveli and Daman and Diu,21/02/2021,7131
Dadra and Nagar Haveli and Daman and Diu,22/02/2021,7292
Dadra and Nagar Haveli and Daman and Diu,23/02/2021,7351
Dadra and Nagar Haveli and Daman and Diu,24/02/2021,7425
Dadra and Nagar Haveli and Daman and Diu,25/02/2021,7994
Dadra and Nagar Haveli and Daman and Diu,26/02/2021,8442
Dadra and Nagar Haveli and Daman and Diu,27/02/2021,8442
Dadra and Nagar Haveli and Daman and Diu,28/02/2021,8442
Dadra and Nagar Haveli and Daman and Diu,01/03/2021,8255
Dadra and Nagar Haveli and Daman and Diu,02/03/2021,8953
Dadra and Nagar Haveli and Daman and Diu,03/03/2021,10005
Dadra and Nagar Haveli and Daman and Diu,04/03/2021,10967
Dadra and Nagar Haveli and Daman and Diu,05/03/2021,12095
Dadra and Nagar Haveli and Daman and Diu,06/03/2021,13226
Dadra and Nagar Haveli and Daman and Diu,07/03/2021,13226
Dadra and Nagar Haveli and Daman and Diu,08/03/2021,13998
Dadra and Nagar Haveli and Daman and Diu,09/03/2021,14652
Dadra and Nagar Haveli and Daman and Diu,10/03/2021,15556
Dadra and Nagar Haveli and Daman and Diu,11/03/2021,15556
Dadra and Nagar Haveli and Daman and Diu,12/03/2021,16688
Dadra and Nagar Haveli and Daman and Diu,13/03/2021,17166
Dadra and Nagar Haveli and Daman and Diu,14/03/2021,17166
Dadra and Nagar Haveli and Daman and Diu,15/03/2021,92213
Dadra and Nagar Haveli and Daman and Diu,16/03/2021,19032
Dadra and Nagar Haveli and Daman and Diu,17/03/2021,19883
Delhi,16/01/2021,4319
Delhi,18/01/2021,7968
Delhi,19/01/2021,12441
Delhi,20/01/2021,12902
Delhi,21/01/2021,18844
Delhi,22/01/2021,18844
Delhi,23/01/2021,25811
Delhi,24/01/2021,25811
Delhi,25/01/2021,33219
Delhi,26/01/2021,33219
Delhi,27/01/2021,39764
Delhi,28/01/2021,48008
Delhi,29/01/2021,48008
Delhi,30/01/2021,56818
Delhi,31/01/2021,56818
Delhi,01/02/2021,64711
Delhi,02/02/2021,74068
Delhi,03/02/2021,81433
Delhi,04/02/2021,90927
Delhi,05/02/2021,100079
Delhi,06/02/2021,109589
Delhi,07/02/2021,109589
Delhi,08/02/2021,119329
Delhi,09/02/2021,132046
Delhi,10/02/2021,146789
Delhi,11/02/2021,162596
Delhi,12/02/2021,177439
Delhi,13/02/2021,191207
Delhi,14/02/2021,191207
Delhi,15/02/2021,206172
Delhi,16/02/2021,221225
Delhi,17/02/2021,236562
Delhi,18/02/2021,260979
Delhi,19/02/2021,285300
Delhi,20/02/2021,311410
Delhi,21/02/2021,311410
Delhi,22/02/2021,338629
Delhi,23/02/2021,359095
Delhi,24/02/2021,377694
Delhi,25/02/2021,396639
Delhi,26/02/2021,409959
Delhi,27/02/2021,409959
Delhi,28/02/2021,409959
Delhi,01/03/2021,425480
Delhi,02/03/2021,446757
Delhi,03/03/2021,471811
Delhi,04/03/2021,499770
Delhi,05/03/2021,526827
Delhi,06/03/2021,560074
Delhi,07/03/2021,560074
Delhi,08/03/2021,595812
Delhi,09/03/2021,630051
Delhi,10/03/2021,660991
Delhi,11/03/2021,690432
Delhi,12/03/2021,721007
Delhi,13/03/2021,760860
Delhi,14/03/2021,760860
Delhi,15/03/2021,946928
Delhi,16/03/2021,839039
Delhi,17/03/2021,867433
Goa,16/01/2021,426
Goa,18/01/2021,426
Goa,19/01/2021,426
Goa,20/01/2021,426
Goa,21/01/2021,426
Goa,22/01/2021,946
Goa,23/01/2021,1561
Goa,24/01/2021,1561
Goa,25/01/2021,1796
Goa,26/01/2021,1796
Goa,27/01/2021,2311
Goa,28/01/2021,2882
Goa,29/01/2021,3391
Goa,30/01/2021,4117
Goa,31/01/2021,4117
Goa,01/02/2021,4509
Goa,02/02/2021,5422
Goa,03/02/2021,6326
Goa,04/02/2021,7193
Goa,05/02/2021,7939
Goa,06/02/2021,8257
Goa,07/02/2021,8257
Goa,08/02/2021,8352
Goa,09/02/2021,8929
Goa,10/02/2021,9961
Goa,11/02/2021,11391
Goa,12/02/2021,12949
Goa,13/02/2021,13683
Goa,14/02/2021,13683
Goa,15/02/2021,13683
Goa,16/02/2021,13501
Goa,17/02/2021,14046
Goa,18/02/2021,14218
Goa,19/02/2021,15020
Goa,20/02/2021,16183
Goa,21/02/2021,16183
Goa,22/02/2021,16811
Goa,23/02/2021,17084
Goa,24/02/2021,18300
Goa,25/02/2021,19793
Goa,26/02/2021,20794
Goa,27/02/2021,20794
Goa,28/02/2021,20794
Goa,01/03/2021,22943
Goa,02/03/2021,26408
Goa,03/03/2021,30501
Goa,04/03/2021,35482
Goa,05/03/2021,39766
Goa,06/03/2021,43051
Goa,07/03/2021,43058
Goa,08/03/2021,46801
Goa,09/03/2021,50409
Goa,10/03/2021,54615
Goa,11/03/2021,56843
Goa,12/03/2021,62173
Goa,13/03/2021,66143
Goa,14/03/2021,66143
Goa,15/03/2021,206826
Goa,16/03/2021,77336
Goa,17/03/2021,80576
Gujarat,16/01/2021,10787
Gujarat,18/01/2021,10787
Gujarat,19/01/2021,17581
Gujarat,20/01/2021,21832
Gujarat,21/01/2021,34865
Gujarat,22/01/2021,46150
Gujarat,23/01/2021,78466
Gujarat,24/01/2021,78466
Gujarat,25/01/2021,91927
Gujarat,26/01/2021,91927
Gujarat,27/01/2021,94524
Gujarat,28/01/2021,162616
Gujarat,29/01/2021,221675
Gujarat,30/01/2021,246054
Gujarat,31/01/2021,247891
Gujarat,01/02/2021,256097
Gujarat,02/02/2021,287852
Gujarat,03/02/2021,311251
Gujarat,04/02/2021,348183
Gujarat,05/02/2021,394416
Gujarat,06/02/2021,438573
Gujarat,07/02/2021,451002
Gujarat,08/02/2021,505960
Gujarat,09/02/2021,572412
Gujarat,10/02/2021,614530
Gujarat,11/02/2021,645439
Gujarat,12/02/2021,667073
Gujarat,13/02/2021,680326
Gujarat,14/02/2021,683903
Gujarat,15/02/2021,699352
Gujarat,16/02/2021,711437
Gujarat,17/02/2021,717244
Gujarat,18/02/2021,839199
Gujarat,19/02/2021,856657
Gujarat,20/02/2021,882070
Gujarat,21/02/2021,883118
Gujarat,22/02/2021,897666
Gujarat,23/02/2021,905054
Gujarat,24/02/2021,910683
Gujarat,25/02/2021,958094
Gujarat,26/02/2021,1001170
Gujarat,27/02/2021,1001170
Gujarat,28/02/2021,1001170
Gujarat,01/03/2021,1070108
Gujarat,02/03/2021,1171503
Gujarat,03/03/2021,1229465
Gujarat,04/03/2021,1421761
Gujarat,05/03/2021,1605119
Gujarat,06/03/2021,1764981
Gujarat,07/03/2021,1765707
Gujarat,08/03/2021,1953148
Gujarat,09/03/2021,2117257
Gujarat,10/03/2021,2162924
Gujarat,11/03/2021,2173745
Gujarat,12/03/2021,2347875
Gujarat,13/03/2021,2485153
Gujarat,14/03/2021,2496697
Gujarat,15/03/2021,2499274
Gujarat,16/03/2021,2812023
Gujarat,17/03/2021,2853958
Haryana,16/01/2021,5589
Haryana,18/01/2021,17642
Haryana,19/01/2021,24944
Haryana,20/01/2021,30402
Haryana,21/01/2021,45893
Haryana,22/01/2021,62142
Haryana,23/01/2021,71297
Haryana,24/01/2021,72204
Haryana,25/01/2021,105419
Haryana,26/01/2021,105419
Haryana,27/01/2021,109782
Haryana,28/01/2021,115968
Haryana,29/01/2021,123935
Haryana,30/01/2021,125898
Haryana,31/01/2021,125977
Haryana,01/02/2021,126759
Haryana,02/02/2021,127893
Haryana,03/02/2021,129866
Haryana,04/02/2021,133637
Haryana,05/02/2021,137706
Haryana,06/02/2021,139068
Haryana,07/02/2021,139129
Haryana,08/02/2021,169055
Haryana,09/02/2021,180663
Haryana,10/02/2021,183529
Haryana,11/02/2021,190390
Haryana,12/02/2021,194124
Haryana,13/02/2021,196333
Haryana,14/02/2021,196352
Haryana,15/02/2021,204984
Haryana,16/02/2021,205871
Haryana,17/02/2021,209684
Haryana,18/02/2021,220266
Haryana,19/02/2021,226709
Haryana,20/02/2021,232295
Haryana,21/02/2021,232295
Haryana,22/02/2021,255613
Haryana,23/02/2021,268853
Haryana,24/02/2021,271497
Haryana,25/02/2021,289033
Haryana,26/02/2021,293824
Haryana,27/02/2021,293824
Haryana,28/02/2021,293824
Haryana,01/03/2021,299672
Haryana,02/03/2021,308375
Haryana,03/03/2021,314562
Haryana,04/03/2021,333415
Haryana,05/03/2021,353760
Haryana,06/03/2021,364996
Haryana,07/03/2021,365652
Haryana,08/03/2021,398307
Haryana,09/03/2021,432755
Haryana,10/03/2021,451769
Haryana,11/03/2021,461696
Haryana,12/03/2021,501916
Haryana,13/03/2021,520425
Haryana,14/03/2021,522363
Haryana,15/03/2021,522778
Haryana,16/03/2021,748896
Haryana,17/03/2021,763095
Himachal Pradesh,16/01/2021,1517
Himachal Pradesh,18/01/2021,4817
Himachal Pradesh,19/01/2021,5049
Himachal Pradesh,20/01/2021,5094
Himachal Pradesh,21/01/2021,5790
Himachal Pradesh,22/01/2021,9609
Himachal Pradesh,23/01/2021,13544
Himachal Pradesh,24/01/2021,13544
Himachal Pradesh,25/01/2021,13544
Himachal Pradesh,26/01/2021,13544
Himachal Pradesh,27/01/2021,14054
Himachal Pradesh,28/01/2021,18848
Himachal Pradesh,29/01/2021,22918
Himachal Pradesh,30/01/2021,27734
Himachal Pradesh,31/01/2021,27734
Himachal Pradesh,01/02/2021,33434
Himachal Pradesh,02/02/2021,39570
Himachal Pradesh,03/02/2021,43926
Himachal Pradesh,04/02/2021,48360
Himachal Pradesh,05/02/2021,51555
Himachal Pradesh,06/02/2021,54573
Himachal Pradesh,07/02/2021,54573
Himachal Pradesh,08/02/2021,58031
Himachal Pradesh,09/02/2021,61271
Himachal Pradesh,10/02/2021,66101
Himachal Pradesh,11/02/2021,72191
Himachal Pradesh,12/02/2021,79166
Himachal Pradesh,13/02/2021,81957
Himachal Pradesh,14/02/2021,81957
Himachal Pradesh,15/02/2021,84294
Himachal Pradesh,16/02/2021,87132
Himachal Pradesh,17/02/2021,91805
Himachal Pradesh,18/02/2021,158939
Himachal Pradesh,19/02/2021,164024
Himachal Pradesh,20/02/2021,106973
Himachal Pradesh,21/02/2021,107197
Himachal Pradesh,22/02/2021,108690
Himachal Pradesh,23/02/2021,110279
Himachal Pradesh,24/02/2021,111699
Himachal Pradesh,25/02/2021,117764
Himachal Pradesh,26/02/2021,122428
Himachal Pradesh,27/02/2021,122428
Himachal Pradesh,28/02/2021,122428
Himachal Pradesh,01/03/2021,128093
Himachal Pradesh,02/03/2021,134004
Himachal Pradesh,03/03/2021,140098
Himachal Pradesh,04/03/2021,149904
Himachal Pradesh,05/03/2021,159871
Himachal Pradesh,06/03/2021,167981
Himachal Pradesh,07/03/2021,170453
Himachal Pradesh,08/03/2021,179244
Himachal Pradesh,09/03/2021,203367
Himachal Pradesh,10/03/2021,213581
Himachal Pradesh,11/03/2021,214288
Himachal Pradesh,12/03/2021,236593
Himachal Pradesh,13/03/2021,243459
Himachal Pradesh,14/03/2021,245092
Himachal Pradesh,15/03/2021,435354
Himachal Pradesh,16/03/2021,295678
Himachal Pradesh,17/03/2021,305825
Jammu and Kashmir,16/01/2021,2044
Jammu and Kashmir,18/01/2021,3375
Jammu and Kashmir,19/01/2021,4395
Jammu and Kashmir,20/01/2021,4414
Jammu and Kashmir,21/01/2021,6847
Jammu and Kashmir,22/01/2021,9827
Jammu and Kashmir,23/01/2021,11647
Jammu and Kashmir,24/01/2021,11647
Jammu and Kashmir,25/01/2021,16173
Jammu and Kashmir,26/01/2021,16173
Jammu and Kashmir,27/01/2021,16331
Jammu and Kashmir,28/01/2021,22401
Jammu and Kashmir,29/01/2021,26634
Jammu and Kashmir,30/01/2021,26634
Jammu and Kashmir,31/01/2021,26634
Jammu and Kashmir,01/02/2021,26634
Jammu and Kashmir,02/02/2021,26634
Jammu and Kashmir,03/02/2021,26634
Jammu and Kashmir,04/02/2021,34475
Jammu and Kashmir,05/02/2021,41624
Jammu and Kashmir,06/02/2021,49419
Jammu and Kashmir,07/02/2021,49419
Jammu and Kashmir,08/02/2021,61035
Jammu and Kashmir,09/02/2021,74219
Jammu and Kashmir,10/02/2021,74219
Jammu and Kashmir,11/02/2021,93570
Jammu and Kashmir,12/02/2021,111470
Jammu and Kashmir,13/02/2021,129629
Jammu and Kashmir,14/02/2021,129629
Jammu and Kashmir,15/02/2021,147449
Jammu and Kashmir,16/02/2021,162266
Jammu and Kashmir,17/02/2021,162266
Jammu and Kashmir,18/02/2021,181551
Jammu and Kashmir,19/02/2021,195122
Jammu and Kashmir,20/02/2021,207426
Jammu and Kashmir,21/02/2021,207426
Jammu and Kashmir,22/02/2021,219859
Jammu and Kashmir,23/02/2021,228195
Jammu and Kashmir,24/02/2021,228195
Jammu and Kashmir,25/02/2021,243885
Jammu and Kashmir,26/02/2021,257072
Jammu and Kashmir,27/02/2021,257072
Jammu and Kashmir,28/02/2021,257072
Jammu and Kashmir,01/03/2021,268556
Jammu and Kashmir,02/03/2021,280141
Jammu and Kashmir,03/03/2021,280141
Jammu and Kashmir,04/03/2021,299418
Jammu and Kashmir,05/03/2021,318648
Jammu and Kashmir,06/03/2021,339224
Jammu and Kashmir,07/03/2021,339224
Jammu and Kashmir,08/03/2021,364801
Jammu and Kashmir,09/03/2021,392481
Jammu and Kashmir,10/03/2021,392369
Jammu and Kashmir,11/03/2021,393368
Jammu and Kashmir,12/03/2021,393819
Jammu and Kashmir,13/03/2021,436651
Jammu and Kashmir,14/03/2021,436651
Jammu and Kashmir,15/03/2021,701548
Jammu and Kashmir,16/03/2021,520296
Jammu and Kashmir,17/03/2021,520495
Jharkhand,16/01/2021,3096
Jharkhand,18/01/2021,6059
Jharkhand,19/01/2021,8824
Jharkhand,20/01/2021,11641
Jharkhand,21/01/2021,11641
Jharkhand,22/01/2021,14806
Jharkhand,23/01/2021,14806
Jharkhand,24/01/2021,14806
Jharkhand,25/01/2021,18413
Jharkhand,26/01/2021,18413
Jharkhand,27/01/2021,24020
Jharkhand,28/01/2021,24315
Jharkhand,29/01/2021,33119
Jharkhand,30/01/2021,40726
Jharkhand,31/01/2021,40860
Jharkhand,01/02/2021,48057
Jharkhand,02/02/2021,55671
Jharkhand,03/02/2021,67970
Jharkhand,04/02/2021,75205
Jharkhand,05/02/2021,85580
Jharkhand,06/02/2021,95934
Jharkhand,07/02/2021,106577
Jharkhand,08/02/2021,124505
Jharkhand,09/02/2021,143401
Jharkhand,10/02/2021,160492
Jharkhand,11/02/2021,174080
Jharkhand,12/02/2021,188095
Jharkhand,13/02/2021,200881
Jharkhand,14/02/2021,208391
Jharkhand,15/02/2021,221747
Jharkhand,16/02/2021,229413
Jharkhand,17/02/2021,240212
Jharkhand,18/02/2021,247447
Jharkhand,19/02/2021,256735
Jharkhand,20/02/2021,263959
Jharkhand,21/02/2021,266015
Jharkhand,22/02/2021,274733
Jharkhand,23/02/2021,282134
Jharkhand,24/02/2021,289872
Jharkhand,25/02/2021,299779
Jharkhand,26/02/2021,308208
Jharkhand,27/02/2021,308208
Jharkhand,28/02/2021,308208
Jharkhand,01/03/2021,316296
Jharkhand,02/03/2021,327579
Jharkhand,03/03/2021,344920
Jharkhand,04/03/2021,361482
Jharkhand,05/03/2021,382065
Jharkhand,06/03/2021,400122
Jharkhand,07/03/2021,406256
Jharkhand,08/03/2021,429593
Jharkhand,09/03/2021,454795
Jharkhand,10/03/2021,473087
Jharkhand,11/03/2021,489014
Jharkhand,12/03/2021,520034
Jharkhand,13/03/2021,546459
Jharkhand,14/03/2021,564641
Jharkhand,15/03/2021,567828
Jharkhand,16/03/2021,642316
Jharkhand,17/03/2021,680682
Karnataka,16/01/2021,13594
Karnataka,18/01/2021,66392
Karnataka,19/01/2021,80686
Karnataka,20/01/2021,121466
Karnataka,21/01/2021,138807
Karnataka,22/01/2021,184699
Karnataka,23/01/2021,188971
Karnataka,24/01/2021,191449
Karnataka,25/01/2021,231172
Karnataka,26/01/2021,231607
Karnataka,27/01/2021,267811
Karnataka,28/01/2021,286089
Karnataka,29/01/2021,307891
Karnataka,30/01/2021,315370
Karnataka,31/01/2021,315370
Karnataka,01/02/2021,316228
Karnataka,02/02/2021,316368
Karnataka,03/02/2021,316638
Karnataka,04/02/2021,330112
Karnataka,05/02/2021,360592
Karnataka,06/02/2021,386186
Karnataka,07/02/2021,388769
Karnataka,08/02/2021,415403
Karnataka,09/02/2021,441692
Karnataka,10/02/2021,464485
Karnataka,11/02/2021,477005
Karnataka,12/02/2021,491552
Karnataka,13/02/2021,496159
Karnataka,14/02/2021,496234
Karnataka,15/02/2021,512476
Karnataka,16/02/2021,534058
Karnataka,17/02/2021,565093
Karnataka,18/02/2021,582691
Karnataka,19/02/2021,629420
Karnataka,20/02/2021,654298
Karnataka,21/02/2021,655375
Karnataka,22/02/2021,693964
Karnataka,23/02/2021,727360
Karnataka,24/02/2021,765669
Karnataka,25/02/2021,789208
Karnataka,26/02/2021,818722
Karnataka,27/02/2021,818722
Karnataka,28/02/2021,818722
Karnataka,01/03/2021,823660
Karnataka,02/03/2021,836350
Karnataka,03/03/2021,857102
Karnataka,04/03/2021,879036
Karnataka,05/03/2021,909602
Karnataka,06/03/2021,939498
Karnataka,07/03/2021,939926
Karnataka,08/03/2021,1013195
Karnataka,09/03/2021,1071038
Karnataka,10/03/2021,1163844
Karnataka,11/03/2021,1183958
Karnataka,12/03/2021,1300162
Karnataka,13/03/2021,1357062
Karnataka,14/03/2021,1373224
Karnataka,15/03/2021,1374812
Karnataka,16/03/2021,1676300
Karnataka,17/03/2021,1927246
Kerala,16/01/2021,8062
Kerala,18/01/2021,15477
Kerala,19/01/2021,23855
Kerala,20/01/2021,24269
Kerala,21/01/2021,35173
Kerala,22/01/2021,47293
Kerala,23/01/2021,53529
Kerala,24/01/2021,53529
Kerala,25/01/2021,71973
Kerala,26/01/2021,71973
Kerala,27/01/2021,82970
Kerala,28/01/2021,106583
Kerala,29/01/2021,135835
Kerala,30/01/2021,158687
Kerala,31/01/2021,165171
Kerala,01/02/2021,193925
Kerala,02/02/2021,224846
Kerala,03/02/2021,246043
Kerala,04/02/2021,270992
Kerala,05/02/2021,286132
Kerala,06/02/2021,291852
Kerala,07/02/2021,292342
Kerala,08/02/2021,307998
Kerala,09/02/2021,322016
Kerala,10/02/2021,326246
Kerala,11/02/2021,333560
Kerala,12/02/2021,345197
Kerala,13/02/2021,356322
Kerala,14/02/2021,358575
Kerala,15/02/2021,370937
Kerala,16/02/2021,388256
Kerala,17/02/2021,395187
Kerala,18/02/2021,410849
Kerala,19/02/2021,425053
Kerala,20/02/2021,437893
Kerala,21/02/2021,438113
Kerala,22/02/2021,461929
Kerala,23/02/2021,476808
Kerala,24/02/2021,493269
Kerala,25/02/2021,530474
Kerala,26/02/2021,587311
Kerala,27/02/2021,587311
Kerala,28/02/2021,587311
Kerala,01/03/2021,625123
Kerala,02/03/2021,662713
Kerala,03/03/2021,701514
Kerala,04/03/2021,810847
Kerala,05/03/2021,902858
Kerala,06/03/2021,1003309
Kerala,07/03/2021,1020994
Kerala,08/03/2021,1129691
Kerala,09/03/2021,1233572
Kerala,10/03/2021,1289216
Kerala,11/03/2021,1346252
Kerala,12/03/2021,1469270
Kerala,13/03/2021,1541348
Kerala,14/03/2021,1548683
Kerala,15/03/2021,1550588
Kerala,16/03/2021,1836215
Kerala,17/03/2021,1891431
Ladakh,16/01/2021,79
Ladakh,18/01/2021,119
Ladakh,19/01/2021,119
Ladakh,20/01/2021,240
Ladakh,21/01/2021,240
Ladakh,22/01/2021,401
Ladakh,23/01/2021,558
Ladakh,24/01/2021,558
Ladakh,25/01/2021,670
Ladakh,26/01/2021,670
Ladakh,27/01/2021,818
Ladakh,28/01/2021,818
Ladakh,29/01/2021,989
Ladakh,30/01/2021,1128
Ladakh,31/01/2021,1128
Ladakh,01/02/2021,1234
Ladakh,02/02/2021,1234
Ladakh,03/02/2021,1511
Ladakh,04/02/2021,1511
Ladakh,05/02/2021,1745
Ladakh,06/02/2021,1987
Ladakh,07/02/2021,1987
Ladakh,08/02/2021,2234
Ladakh,09/02/2021,2309
Ladakh,10/02/2021,2536
Ladakh,11/02/2021,2761
Ladakh,12/02/2021,2854
Ladakh,13/02/2021,2981
Ladakh,14/02/2021,2981
Ladakh,15/02/2021,2981
Ladakh,16/02/2021,3649
Ladakh,17/02/2021,4146
Ladakh,18/02/2021,4726
Ladakh,19/02/2021,5363
Ladakh,20/02/2021,6231
Ladakh,21/02/2021,6427
Ladakh,22/02/2021,7220
Ladakh,23/02/2021,7979
Ladakh,24/02/2021,8947
Ladakh,25/02/2021,9501
Ladakh,26/02/2021,10055
Ladakh,27/02/2021,10055
Ladakh,28/02/2021,10055
Ladakh,01/03/2021,10055
Ladakh,02/03/2021,10055
Ladakh,03/03/2021,10478
Ladakh,04/03/2021,12884
Ladakh,05/03/2021,14499
Ladakh,06/03/2021,16734
Ladakh,07/03/2021,16734
Ladakh,08/03/2021,19308
Ladakh,09/03/2021,22232
Ladakh,10/03/2021,25438
Ladakh,11/03/2021,28431
Ladakh,12/03/2021,31047
Ladakh,13/03/2021,33650
Ladakh,14/03/2021,34140
Ladakh,15/03/2021,37707
Ladakh,16/03/2021,38532
Ladakh,17/03/2021,39946
Lakshadweep,16/01/2021,21
Lakshadweep,18/01/2021,201
Lakshadweep,19/01/2021,369
Lakshadweep,20/01/2021,369
Lakshadweep,21/01/2021,369
Lakshadweep,22/01/2021,552
Lakshadweep,23/01/2021,633
Lakshadweep,24/01/2021,633
Lakshadweep,25/01/2021,676
Lakshadweep,26/01/2021,676
Lakshadweep,27/01/2021,746
Lakshadweep,28/01/2021,746
Lakshadweep,29/01/2021,746
Lakshadweep,30/01/2021,807
Lakshadweep,31/01/2021,807
Lakshadweep,01/02/2021,807
Lakshadweep,02/02/2021,807
Lakshadweep,03/02/2021,807
Lakshadweep,04/02/2021,807
Lakshadweep,05/02/2021,831
Lakshadweep,06/02/2021,839
Lakshadweep,07/02/2021,839
Lakshadweep,08/02/2021,868
Lakshadweep,09/02/2021,920
Lakshadweep,10/02/2021,920
Lakshadweep,11/02/2021,920
Lakshadweep,12/02/2021,1776
Lakshadweep,13/02/2021,1776
Lakshadweep,14/02/2021,1776
Lakshadweep,15/02/2021,1776
Lakshadweep,16/02/2021,1924
Lakshadweep,17/02/2021,1924
Lakshadweep,18/02/2021,1924
Lakshadweep,19/02/2021,1924
Lakshadweep,20/02/2021,1924
Lakshadweep,21/02/2021,1924
Lakshadweep,22/02/2021,2924
Lakshadweep,23/02/2021,2964
Lakshadweep,24/02/2021,2983
Lakshadweep,25/02/2021,3041
Lakshadweep,26/02/2021,3078
Lakshadweep,27/02/2021,3078
Lakshadweep,28/02/2021,3078
Lakshadweep,01/03/2021,3212
Lakshadweep,02/03/2021,3216
Lakshadweep,03/03/2021,3216
Lakshadweep,04/03/2021,3216
Lakshadweep,05/03/2021,3300
Lakshadweep,06/03/2021,3470
Lakshadweep,07/03/2021,3470
Lakshadweep,08/03/2021,3638
Lakshadweep,09/03/2021,3968
Lakshadweep,10/03/2021,3968
Lakshadweep,11/03/2021,3968
Lakshadweep,12/03/2021,3968
Lakshadweep,13/03/2021,5093
Lakshadweep,14/03/2021,5093
Lakshadweep,15/03/2021,126665
Lakshadweep,16/03/2021,5508
Lakshadweep,17/03/2021,5791
Madhya Pradesh,16/01/2021,9219
Madhya Pradesh,18/01/2021,18174
Madhya Pradesh,19/01/2021,18174
Madhya Pradesh,20/01/2021,27770
Madhya Pradesh,21/01/2021,38278
Madhya Pradesh,22/01/2021,38278
Madhya Pradesh,23/01/2021,38278
Madhya Pradesh,24/01/2021,38278
Madhya Pradesh,25/01/2021,67083
Madhya Pradesh,26/01/2021,67083
Madhya Pradesh,27/01/2021,131679
Madhya Pradesh,28/01/2021,195187
Madhya Pradesh,29/01/2021,246181
Madhya Pradesh,30/01/2021,298376
Madhya Pradesh,31/01/2021,298376
Madhya Pradesh,01/02/2021,298376
Madhya Pradesh,02/02/2021,298376
Madhya Pradesh,03/02/2021,330722
Madhya Pradesh,04/02/2021,339386
Madhya Pradesh,05/02/2021,340625
Madhya Pradesh,06/02/2021,342016
Madhya Pradesh,07/02/2021,342016
Madhya Pradesh,08/02/2021,379251
Madhya Pradesh,09/02/2021,380285
Madhya Pradesh,10/02/2021,431702
Madhya Pradesh,11/02/2021,487271
Madhya Pradesh,12/02/2021,526095
Madhya Pradesh,13/02/2021,557105
Madhya Pradesh,14/02/2021,557105
Madhya Pradesh,15/02/2021,575728
Madhya Pradesh,16/02/2021,576610
Madhya Pradesh,17/02/2021,597537
Madhya Pradesh,18/02/2021,611640
Madhya Pradesh,19/02/2021,626391
Madhya Pradesh,20/02/2021,644583
Madhya Pradesh,21/02/2021,644583
Madhya Pradesh,22/02/2021,675401
Madhya Pradesh,23/02/2021,676960
Madhya Pradesh,24/02/2021,724350
Madhya Pradesh,25/02/2021,780465
Madhya Pradesh,26/02/2021,811316
Madhya Pradesh,27/02/2021,811316
Madhya Pradesh,28/02/2021,811316
Madhya Pradesh,01/03/2021,855097
Madhya Pradesh,02/03/2021,855097
Madhya Pradesh,03/03/2021,926206
Madhya Pradesh,04/03/2021,998891
Madhya Pradesh,05/03/2021,1009607
Madhya Pradesh,06/03/2021,1092767
Madhya Pradesh,07/03/2021,1092767
Madhya Pradesh,08/03/2021,1176332
Madhya Pradesh,09/03/2021,1182631
Madhya Pradesh,10/03/2021,1287974
Madhya Pradesh,11/03/2021,1287974
Madhya Pradesh,12/03/2021,1294814
Madhya Pradesh,13/03/2021,1465605
Madhya Pradesh,14/03/2021,1465605
Madhya Pradesh,15/03/2021,1468150
Madhya Pradesh,16/03/2021,1663861
Madhya Pradesh,17/03/2021,1866138
Maharashtra,16/01/2021,18328
Maharashtra,18/01/2021,18582
Maharashtra,19/01/2021,30247
Maharashtra,20/01/2021,52055
Maharashtra,21/01/2021,52393
Maharashtra,22/01/2021,74960
Maharashtra,23/01/2021,99885
Maharashtra,24/01/2021,99885
Maharashtra,25/01/2021,136901
Maharashtra,26/01/2021,136901
Maharashtra,27/01/2021,179509
Maharashtra,28/01/2021,220587
Maharashtra,29/01/2021,261320
Maharashtra,30/01/2021,269064
Maharashtra,31/01/2021,269064
Maharashtra,01/02/2021,310825
Maharashtra,02/02/2021,318744
Maharashtra,03/02/2021,354633
Maharashtra,04/02/2021,389577
Maharashtra,05/02/2021,434943
Maharashtra,06/02/2021,473480
Maharashtra,07/02/2021,473480
Maharashtra,08/02/2021,512476
Maharashtra,09/02/2021,536436
Maharashtra,10/02/2021,573681
Maharashtra,11/02/2021,608573
Maharashtra,12/02/2021,649660
Maharashtra,13/02/2021,682609
Maharashtra,14/02/2021,682933
Maharashtra,15/02/2021,713133
Maharashtra,16/02/2021,740831
Maharashtra,17/02/2021,781800
Maharashtra,18/02/2021,839566
Maharashtra,19/02/2021,860386
Maharashtra,20/02/2021,922728
Maharashtra,21/02/2021,926466
Maharashtra,22/02/2021,985955
Maharashtra,23/02/2021,1029363
Maharashtra,24/02/2021,1087111
Maharashtra,25/02/2021,1142290
Maharashtra,26/02/2021,1202180
Maharashtra,27/02/2021,1202180
Maharashtra,28/02/2021,1202180
Maharashtra,01/03/2021,1237004
Maharashtra,02/03/2021,1285081
Maharashtra,03/03/2021,1368909
Maharashtra,04/03/2021,1471450
Maharashtra,05/03/2021,1597458
Maharashtra,06/03/2021,1744420
Maharashtra,07/03/2021,1746065
Maharashtra,08/03/2021,1940369
Maharashtra,09/03/2021,2089146
Maharashtra,10/03/2021,2317696
Maharashtra,11/03/2021,2398401
Maharashtra,12/03/2021,2653357
Maharashtra,13/03/2021,2783323
Maharashtra,14/03/2021,2832150
Maharashtra,15/03/2021,2858692
Maharashtra,16/03/2021,3329387
Maharashtra,17/03/2021,3603424
Manipur,16/01/2021,585
Manipur,18/01/2021,978
Manipur,19/01/2021,111
Manipur,20/01/2021,1454
Manipur,21/01/2021,1454
Manipur,22/01/2021,1923
Manipur,23/01/2021,2319
Manipur,24/01/2021,2319
Manipur,25/01/2021,2485
Manipur,26/01/2021,2485
Manipur,27/01/2021,2855
Manipur,28/01/2021,2855
Manipur,29/01/2021,3399
Manipur,30/01/2021,3987
Manipur,31/01/2021,3987
Manipur,01/02/2021,4373
Manipur,02/02/2021,4739
Manipur,03/02/2021,5872
Manipur,04/02/2021,6095
Manipur,05/02/2021,6874
Manipur,06/02/2021,8256
Manipur,07/02/2021,8334
Manipur,08/02/2021,9989
Manipur,09/02/2021,11078
Manipur,10/02/2021,13747
Manipur,11/02/2021,15944
Manipur,12/02/2021,19563
Manipur,13/02/2021,22417
Manipur,14/02/2021,22895
Manipur,15/02/2021,25771
Manipur,16/02/2021,29038
Manipur,17/02/2021,33525
Manipur,18/02/2021,36735
Manipur,19/02/2021,40019
Manipur,20/02/2021,41926
Manipur,21/02/2021,41926
Manipur,22/02/2021,43597
Manipur,23/02/2021,45401
Manipur,24/02/2021,48232
Manipur,25/02/2021,51177
Manipur,26/02/2021,54965
Manipur,27/02/2021,54965
Manipur,28/02/2021,54965
Manipur,01/03/2021,56458
Manipur,02/03/2021,60396
Manipur,03/03/2021,64089
Manipur,04/03/2021,66423
Manipur,05/03/2021,69755
Manipur,06/03/2021,73414
Manipur,07/03/2021,73494
Manipur,08/03/2021,76829
Manipur,09/03/2021,79030
Manipur,10/03/2021,81412
Manipur,11/03/2021,83002
Manipur,12/03/2021,85654
Manipur,13/03/2021,86691
Manipur,14/03/2021,86691
Manipur,15/03/2021,293043
Manipur,16/03/2021,91730
Manipur,17/03/2021,94382
Meghalaya,16/01/2021,509
Meghalaya,18/01/2021,530
Meghalaya,19/01/2021,1037
Meghalaya,20/01/2021,1365
Meghalaya,21/01/2021,1785
Meghalaya,22/01/2021,2078
Meghalaya,23/01/2021,2236
Meghalaya,24/01/2021,2236
Meghalaya,25/01/2021,2748
Meghalaya,26/01/2021,2748
Meghalaya,27/01/2021,3249
Meghalaya,28/01/2021,3870
Meghalaya,29/01/2021,4200
Meghalaya,30/01/2021,4324
Meghalaya,31/01/2021,4324
Meghalaya,01/02/2021,4564
Meghalaya,02/02/2021,4694
Meghalaya,03/02/2021,4806
Meghalaya,04/02/2021,5469
Meghalaya,05/02/2021,6213
Meghalaya,06/02/2021,6859
Meghalaya,07/02/2021,6859
Meghalaya,08/02/2021,7662
Meghalaya,09/02/2021,9069
Meghalaya,10/02/2021,9760
Meghalaya,11/02/2021,11642
Meghalaya,12/02/2021,12797
Meghalaya,13/02/2021,14089
Meghalaya,14/02/2021,14089
Meghalaya,15/02/2021,16223
Meghalaya,16/02/2021,18226
Meghalaya,17/02/2021,21691
Meghalaya,18/02/2021,22281
Meghalaya,19/02/2021,22901
Meghalaya,20/02/2021,24506
Meghalaya,21/02/2021,24506
Meghalaya,22/02/2021,26958
Meghalaya,23/02/2021,29390
Meghalaya,24/02/2021,29448
Meghalaya,25/02/2021,30210
Meghalaya,26/02/2021,32191
Meghalaya,27/02/2021,32191
Meghalaya,28/02/2021,32191
Meghalaya,01/03/2021,33122
Meghalaya,02/03/2021,34581
Meghalaya,03/03/2021,36212
Meghalaya,04/03/2021,37921
Meghalaya,05/03/2021,41924
Meghalaya,06/03/2021,44883
Meghalaya,07/03/2021,44950
Meghalaya,08/03/2021,47688
Meghalaya,09/03/2021,50348
Meghalaya,10/03/2021,52915
Meghalaya,11/03/2021,56087
Meghalaya,12/03/2021,58342
Meghalaya,13/03/2021,59914
Meghalaya,14/03/2021,59914
Meghalaya,15/03/2021,62903
Meghalaya,16/03/2021,65312
Meghalaya,17/03/2021,68510
Mizoram,16/01/2021,314
Mizoram,18/01/2021,554
Mizoram,19/01/2021,1091
Mizoram,20/01/2021,1508
Mizoram,21/01/2021,2537
Mizoram,22/01/2021,3657
Mizoram,23/01/2021,3979
Mizoram,24/01/2021,3979
Mizoram,25/01/2021,4852
Mizoram,26/01/2021,4852
Mizoram,27/01/2021,6142
Mizoram,28/01/2021,6728
Mizoram,29/01/2021,8497
Mizoram,30/01/2021,9346
Mizoram,31/01/2021,9346
Mizoram,01/02/2021,9932
Mizoram,02/02/2021,9932
Mizoram,03/02/2021,9995
Mizoram,04/02/2021,10044
Mizoram,05/02/2021,10555
Mizoram,06/02/2021,10937
Mizoram,07/02/2021,10937
Mizoram,08/02/2021,10937
Mizoram,09/02/2021,11046
Mizoram,10/02/2021,11046
Mizoram,11/02/2021,11046
Mizoram,12/02/2021,11332
Mizoram,13/02/2021,11568
Mizoram,14/02/2021,11754
Mizoram,15/02/2021,12557
Mizoram,16/02/2021,12557
Mizoram,17/02/2021,13561
Mizoram,18/02/2021,15115
Mizoram,19/02/2021,16634
Mizoram,20/02/2021,16868
Mizoram,21/02/2021,16868
Mizoram,22/02/2021,18801
Mizoram,23/02/2021,20805
Mizoram,24/02/2021,23674
Mizoram,25/02/2021,25831
Mizoram,26/02/2021,27656
Mizoram,27/02/2021,27656
Mizoram,28/02/2021,27656
Mizoram,01/03/2021,29513
Mizoram,02/03/2021,33466
Mizoram,03/03/2021,37386
Mizoram,04/03/2021,40058
Mizoram,05/03/2021,40975
Mizoram,06/03/2021,42197
Mizoram,07/03/2021,42197
Mizoram,08/03/2021,44090
Mizoram,09/03/2021,47161
Mizoram,10/03/2021,51087
Mizoram,11/03/2021,52866
Mizoram,12/03/2021,54231
Mizoram,13/03/2021,54787
Mizoram,14/03/2021,54787
Mizoram,15/03/2021,170348
Mizoram,16/03/2021,59344
Mizoram,17/03/2021,60063
Nagaland,16/01/2021,561
Nagaland,18/01/2021,1436
Nagaland,19/01/2021,2286
Nagaland,20/01/2021,2988
Nagaland,21/01/2021,3187
Nagaland,22/01/2021,3443
Nagaland,23/01/2021,3443
Nagaland,24/01/2021,3443
Nagaland,25/01/2021,3675
Nagaland,26/01/2021,3675
Nagaland,27/01/2021,3973
Nagaland,28/01/2021,3973
Nagaland,29/01/2021,3973
Nagaland,30/01/2021,3993
Nagaland,31/01/2021,3993
Nagaland,01/02/2021,3998
Nagaland,02/02/2021,4093
Nagaland,03/02/2021,4244
Nagaland,04/02/2021,4405
Nagaland,05/02/2021,4515
Nagaland,06/02/2021,4535
Nagaland,07/02/2021,4535
Nagaland,08/02/2021,4973
Nagaland,09/02/2021,5826
Nagaland,10/02/2021,7167
Nagaland,11/02/2021,8371
Nagaland,12/02/2021,9125
Nagaland,13/02/2021,9684
Nagaland,14/02/2021,9818
Nagaland,15/02/2021,11942
Nagaland,16/02/2021,16234
Nagaland,17/02/2021,18252
Nagaland,18/02/2021,21059
Nagaland,19/02/2021,24022
Nagaland,20/02/2021,25435
Nagaland,21/02/2021,25435
Nagaland,22/02/2021,27809
Nagaland,23/02/2021,29804
Nagaland,24/02/2021,32336
Nagaland,25/02/2021,34116
Nagaland,26/02/2021,35303
Nagaland,27/02/2021,35303
Nagaland,28/02/2021,35303
Nagaland,01/03/2021,35830
Nagaland,02/03/2021,37110
Nagaland,03/03/2021,39576
Nagaland,04/03/2021,41140
Nagaland,05/03/2021,41895
Nagaland,06/03/2021,42669
Nagaland,07/03/2021,42669
Nagaland,08/03/2021,45469
Nagaland,09/03/2021,47679
Nagaland,10/03/2021,50281
Nagaland,11/03/2021,52980
Nagaland,12/03/2021,54026
Nagaland,13/03/2021,54575
Nagaland,14/03/2021,54715
Nagaland,15/03/2021,94385
Nagaland,16/03/2021,61200
Nagaland,17/03/2021,63148
Odisha,16/01/2021,13746
Odisha,18/01/2021,46506
Odisha,19/01/2021,55138
Odisha,20/01/2021,68743
Odisha,21/01/2021,113623
Odisha,22/01/2021,130007
Odisha,23/01/2021,152371
Odisha,24/01/2021,152371
Odisha,25/01/2021,177090
Odisha,26/01/2021,177090
Odisha,27/01/2021,178227
Odisha,28/01/2021,194058
Odisha,29/01/2021,205200
Odisha,30/01/2021,206424
Odisha,31/01/2021,206424
Odisha,01/02/2021,207462
Odisha,02/02/2021,208205
Odisha,03/02/2021,211346
Odisha,04/02/2021,234923
Odisha,05/02/2021,235680
Odisha,06/02/2021,275055
Odisha,07/02/2021,276323
Odisha,08/02/2021,315725
Odisha,09/02/2021,342254
Odisha,10/02/2021,361623
Odisha,11/02/2021,383023
Odisha,12/02/2021,399670
Odisha,13/02/2021,411939
Odisha,14/02/2021,412046
Odisha,15/02/2021,426790
Odisha,16/02/2021,428471
Odisha,17/02/2021,439390
Odisha,18/02/2021,482613
Odisha,19/02/2021,501713
Odisha,20/02/2021,533093
Odisha,21/02/2021,533093
Odisha,22/02/2021,566142
Odisha,23/02/2021,577646
Odisha,24/02/2021,584948
Odisha,25/02/2021,612802
Odisha,26/02/2021,618821
Odisha,27/02/2021,618821
Odisha,28/02/2021,618821
Odisha,01/03/2021,640735
Odisha,02/03/2021,668498
Odisha,03/03/2021,696758
Odisha,04/03/2021,754651
Odisha,05/03/2021,778730
Odisha,06/03/2021,822112
Odisha,07/03/2021,822112
Odisha,08/03/2021,907996
Odisha,09/03/2021,971925
Odisha,10/03/2021,1016936
Odisha,11/03/2021,1020207
Odisha,12/03/2021,1098111
Odisha,13/03/2021,1162949
Odisha,14/03/2021,1162949
Odisha,15/03/2021,1183759
Odisha,16/03/2021,1384942
Odisha,17/03/2021,1471316
Puducherry,16/01/2021,274
Puducherry,18/01/2021,554
Puducherry,19/01/2021,719
Puducherry,20/01/2021,759
Puducherry,21/01/2021,759
Puducherry,22/01/2021,1097
Puducherry,23/01/2021,1478
Puducherry,24/01/2021,1478
Puducherry,25/01/2021,1813
Puducherry,26/01/2021,1813
Puducherry,27/01/2021,1813
Puducherry,28/01/2021,1813
Puducherry,29/01/2021,2299
Puducherry,30/01/2021,2736
Puducherry,31/01/2021,2736
Puducherry,01/02/2021,2988
Puducherry,02/02/2021,3077
Puducherry,03/02/2021,3222
Puducherry,04/02/2021,3222
Puducherry,05/02/2021,3532
Puducherry,06/02/2021,3532
Puducherry,07/02/2021,3532
Puducherry,08/02/2021,3881
Puducherry,09/02/2021,4301
Puducherry,10/02/2021,4770
Puducherry,11/02/2021,4780
Puducherry,12/02/2021,5510
Puducherry,13/02/2021,6024
Puducherry,14/02/2021,6024
Puducherry,15/02/2021,6513
Puducherry,16/02/2021,6957
Puducherry,17/02/2021,7354
Puducherry,18/02/2021,8115
Puducherry,19/02/2021,9126
Puducherry,20/02/2021,10104
Puducherry,21/02/2021,10104
Puducherry,22/02/2021,10337
Puducherry,23/02/2021,10450
Puducherry,24/02/2021,10459
Puducherry,25/02/2021,10479
Puducherry,26/02/2021,11144
Puducherry,27/02/2021,11144
Puducherry,28/02/2021,11144
Puducherry,01/03/2021,11766
Puducherry,02/03/2021,12589
Puducherry,03/03/2021,14845
Puducherry,04/03/2021,16562
Puducherry,05/03/2021,17501
Puducherry,06/03/2021,18847
Puducherry,07/03/2021,18847
Puducherry,08/03/2021,20618
Puducherry,09/03/2021,22078
Puducherry,10/03/2021,24007
Puducherry,11/03/2021,25558
Puducherry,12/03/2021,27331
Puducherry,13/03/2021,29319
Puducherry,14/03/2021,29319
Puducherry,15/03/2021,382652
Puducherry,16/03/2021,34565
Puducherry,17/03/2021,37769
Punjab,16/01/2021,1319
Punjab,18/01/2021,3318
Punjab,19/01/2021,5567
Punjab,20/01/2021,7607
Punjab,21/01/2021,12532
Punjab,22/01/2021,21340
Punjab,23/01/2021,30319
Punjab,24/01/2021,31327
Punjab,25/01/2021,39418
Punjab,26/01/2021,39418
Punjab,27/01/2021,44708
Punjab,28/01/2021,50977
Punjab,29/01/2021,54988
Punjab,30/01/2021,57499
Punjab,31/01/2021,57499
Punjab,01/02/2021,59285
Punjab,02/02/2021,61381
Punjab,03/02/2021,63663
Punjab,04/02/2021,67861
Punjab,05/02/2021,72855
Punjab,06/02/2021,76430
Punjab,07/02/2021,76430
Punjab,08/02/2021,82127
Punjab,09/02/2021,87181
Punjab,10/02/2021,91669
Punjab,11/02/2021,97668
Punjab,12/02/2021,101861
Punjab,13/02/2021,103858
Punjab,14/02/2021,103858
Punjab,15/02/2021,107854
Punjab,16/02/2021,111952
Punjab,17/02/2021,115282
Punjab,18/02/2021,121774
Punjab,19/02/2021,129470
Punjab,20/02/2021,136288
Punjab,21/02/2021,136796
Punjab,22/02/2021,148066
Punjab,23/02/2021,157585
Punjab,24/02/2021,166693
Punjab,25/02/2021,181892
Punjab,26/02/2021,190800
Punjab,27/02/2021,190800
Punjab,28/02/2021,190800
Punjab,01/03/2021,200044
Punjab,02/03/2021,209370
Punjab,03/03/2021,221415
Punjab,04/03/2021,235698
Punjab,05/03/2021,252855
Punjab,06/03/2021,266977
Punjab,07/03/2021,268445
Punjab,08/03/2021,288104
Punjab,09/03/2021,307545
Punjab,10/03/2021,324667
Punjab,11/03/2021,330945
Punjab,12/03/2021,350687
Punjab,13/03/2021,368130
Punjab,14/03/2021,368464
Punjab,15/03/2021,399042
Punjab,16/03/2021,418671
Punjab,17/03/2021,441390
Rajasthan,16/01/2021,9279
Rajasthan,18/01/2021,23546
Rajasthan,19/01/2021,30761
Rajasthan,20/01/2021,32379
Rajasthan,21/01/2021,32379
Rajasthan,22/01/2021,43947
Rajasthan,23/01/2021,67270
Rajasthan,24/01/2021,93525
Rajasthan,25/01/2021,161116
Rajasthan,26/01/2021,161332
Rajasthan,27/01/2021,237137
Rajasthan,28/01/2021,257833
Rajasthan,29/01/2021,324973
Rajasthan,30/01/2021,329611
Rajasthan,31/01/2021,330797
Rajasthan,01/02/2021,333930
Rajasthan,02/02/2021,339218
Rajasthan,03/02/2021,363521
Rajasthan,04/02/2021,384810
Rajasthan,05/02/2021,414422
Rajasthan,06/02/2021,459652
Rajasthan,07/02/2021,460994
Rajasthan,08/02/2021,487848
Rajasthan,09/02/2021,491543
Rajasthan,10/02/2021,559990
Rajasthan,11/02/2021,590990
Rajasthan,12/02/2021,606694
Rajasthan,13/02/2021,609568
Rajasthan,14/02/2021,610088
Rajasthan,15/02/2021,627710
Rajasthan,16/02/2021,637021
Rajasthan,17/02/2021,760075
Rajasthan,18/02/2021,762913
Rajasthan,19/02/2021,799719
Rajasthan,20/02/2021,821059
Rajasthan,21/02/2021,821059
Rajasthan,22/02/2021,844893
Rajasthan,23/02/2021,878043
Rajasthan,24/02/2021,931222
Rajasthan,25/02/2021,950386
Rajasthan,26/02/2021,1023207
Rajasthan,27/02/2021,1023207
Rajasthan,28/02/2021,1023207
Rajasthan,01/03/2021,1109553
Rajasthan,02/03/2021,1261773
Rajasthan,03/03/2021,1490232
Rajasthan,04/03/2021,1609343
Rajasthan,05/03/2021,1891118
Rajasthan,06/03/2021,2131443
Rajasthan,07/03/2021,2136249
Rajasthan,08/03/2021,2326975
Rajasthan,09/03/2021,2387797
Rajasthan,10/03/2021,2510918
Rajasthan,11/03/2021,2511418
Rajasthan,12/03/2021,2698263
Rajasthan,13/03/2021,2894730
Rajasthan,14/03/2021,2898900
Rajasthan,15/03/2021,3151672
Rajasthan,16/03/2021,3347703
Rajasthan,17/03/2021,3684843
Sikkim,16/01/2021,120
Sikkim,18/01/2021,120
Sikkim,19/01/2021,350
Sikkim,20/01/2021,573
Sikkim,21/01/2021,773
Sikkim,22/01/2021,960
Sikkim,23/01/2021,960
Sikkim,24/01/2021,960
Sikkim,25/01/2021,1047
Sikkim,26/01/2021,1047
Sikkim,27/01/2021,1320
Sikkim,28/01/2021,1776
Sikkim,29/01/2021,2020
Sikkim,30/01/2021,2020
Sikkim,31/01/2021,2020
Sikkim,01/02/2021,2166
Sikkim,02/02/2021,2647
Sikkim,03/02/2021,3425
Sikkim,04/02/2021,4264
Sikkim,05/02/2021,5139
Sikkim,06/02/2021,5372
Sikkim,07/02/2021,5372
Sikkim,08/02/2021,6007
Sikkim,09/02/2021,6961
Sikkim,10/02/2021,7808
Sikkim,11/02/2021,8316
Sikkim,12/02/2021,8335
Sikkim,13/02/2021,8335
Sikkim,14/02/2021,8335
Sikkim,15/02/2021,8543
Sikkim,16/02/2021,9148
Sikkim,17/02/2021,9760
Sikkim,18/02/2021,10500
Sikkim,19/02/2021,11800
Sikkim,20/02/2021,12565
Sikkim,21/02/2021,12565
Sikkim,22/02/2021,14159
Sikkim,23/02/2021,15694
Sikkim,24/02/2021,16931
Sikkim,25/02/2021,17858
Sikkim,26/02/2021,18312
Sikkim,27/02/2021,18312
Sikkim,28/02/2021,18312
Sikkim,01/03/2021,19398
Sikkim,02/03/2021,20430
Sikkim,03/03/2021,21918
Sikkim,04/03/2021,24030
Sikkim,05/03/2021,26993
Sikkim,06/03/2021,28862
Sikkim,07/03/2021,28862
Sikkim,08/03/2021,32491
Sikkim,09/03/2021,35709
Sikkim,10/03/2021,39650
Sikkim,11/03/2021,43489
Sikkim,12/03/2021,46273
Sikkim,13/03/2021,46529
Sikkim,14/03/2021,46529
Sikkim,15/03/2021,49518
Sikkim,16/03/2021,51663
Sikkim,17/03/2021,54299
Tamil Nadu,16/01/2021,2945
Tamil Nadu,18/01/2021,16462
Tamil Nadu,19/01/2021,25251
Tamil Nadu,20/01/2021,33670
Tamil Nadu,21/01/2021,42947
Tamil Nadu,22/01/2021,51651
Tamil Nadu,23/01/2021,59226
Tamil Nadu,24/01/2021,61720
Tamil Nadu,25/01/2021,69027
Tamil Nadu,26/01/2021,73953
Tamil Nadu,27/01/2021,82039
Tamil Nadu,28/01/2021,88467
Tamil Nadu,29/01/2021,97126
Tamil Nadu,30/01/2021,105821
Tamil Nadu,31/01/2021,105821
Tamil Nadu,01/02/2021,112687
Tamil Nadu,02/02/2021,120745
Tamil Nadu,03/02/2021,133434
Tamil Nadu,04/02/2021,145928
Tamil Nadu,05/02/2021,157324
Tamil Nadu,06/02/2021,166408
Tamil Nadu,07/02/2021,166408
Tamil Nadu,08/02/2021,175027
Tamil Nadu,09/02/2021,185577
Tamil Nadu,10/02/2021,197392
Tamil Nadu,11/02/2021,211762
Tamil Nadu,12/02/2021,227542
Tamil Nadu,13/02/2021,247574
Tamil Nadu,14/02/2021,247574
Tamil Nadu,15/02/2021,269219
Tamil Nadu,16/02/2021,290248
Tamil Nadu,17/02/2021,309377
Tamil Nadu,18/02/2021,329817
Tamil Nadu,19/02/2021,350283
Tamil Nadu,20/02/2021,370846
Tamil Nadu,21/02/2021,370846
Tamil Nadu,22/02/2021,385600
Tamil Nadu,23/02/2021,400400
Tamil Nadu,24/02/2021,414827
Tamil Nadu,25/02/2021,429255
Tamil Nadu,26/02/2021,445328
Tamil Nadu,27/02/2021,445328
Tamil Nadu,28/02/2021,445328
Tamil Nadu,01/03/2021,480411
Tamil Nadu,02/03/2021,522054
Tamil Nadu,03/03/2021,588391
Tamil Nadu,04/03/2021,669417
Tamil Nadu,05/03/2021,761625
Tamil Nadu,06/03/2021,847097
Tamil Nadu,07/03/2021,847097
Tamil Nadu,08/03/2021,957348
Tamil Nadu,09/03/2021,1037824
Tamil Nadu,10/03/2021,1124724
Tamil Nadu,11/03/2021,1205185
Tamil Nadu,12/03/2021,1298251
Tamil Nadu,13/03/2021,1384184
Tamil Nadu,14/03/2021,1384184
Tamil Nadu,15/03/2021,1446655
Tamil Nadu,16/03/2021,1606931
Tamil Nadu,17/03/2021,1718313
Telangana,16/01/2021,3653
Telangana,18/01/2021,17408
Telangana,19/01/2021,69405
Telangana,20/01/2021,69405
Telangana,21/01/2021,97087
Telangana,22/01/2021,110031
Telangana,23/01/2021,110031
Telangana,24/01/2021,110031
Telangana,25/01/2021,130390
Telangana,26/01/2021,130425
Telangana,27/01/2021,130425
Telangana,28/01/2021,151246
Telangana,29/01/2021,166606
Telangana,30/01/2021,168606
Telangana,31/01/2021,168606
Telangana,01/02/2021,168771
Telangana,02/02/2021,170043
Telangana,03/02/2021,176732
Telangana,04/02/2021,188279
Telangana,05/02/2021,193667
Telangana,06/02/2021,209104
Telangana,07/02/2021,209104
Telangana,08/02/2021,229027
Telangana,09/02/2021,243665
Telangana,10/02/2021,258122
Telangana,11/02/2021,270615
Telangana,12/02/2021,278250
Telangana,13/02/2021,282188
Telangana,14/02/2021,282188
Telangana,15/02/2021,293442
Telangana,16/02/2021,332847
Telangana,17/02/2021,333235
Telangana,18/02/2021,353113
Telangana,19/02/2021,366328
Telangana,20/02/2021,368132
Telangana,21/02/2021,368132
Telangana,22/02/2021,387301
Telangana,23/02/2021,387549
Telangana,24/02/2021,389970
Telangana,25/02/2021,398078
Telangana,26/02/2021,419791
Telangana,27/02/2021,419791
Telangana,28/02/2021,419791
Telangana,01/03/2021,424274
Telangana,02/03/2021,435329
Telangana,03/03/2021,450803
Telangana,04/03/2021,472010
Telangana,05/03/2021,486049
Telangana,06/03/2021,510904
Telangana,07/03/2021,510904
Telangana,08/03/2021,556978
Telangana,09/03/2021,594178
Telangana,10/03/2021,623634
Telangana,11/03/2021,623634
Telangana,12/03/2021,623634
Telangana,13/03/2021,647167
Telangana,14/03/2021,675916
Telangana,15/03/2021,694811
Telangana,16/03/2021,742019
Telangana,17/03/2021,779915
Tripura,16/01/2021,355
Tripura,18/01/2021,1736
Tripura,19/01/2021,3734
Tripura,20/01/2021,3734
Tripura,21/01/2021,9272
Tripura,22/01/2021,14252
Tripura,23/01/2021,14252
Tripura,24/01/2021,14252
Tripura,25/01/2021,19698
Tripura,26/01/2021,19698
Tripura,27/01/2021,19698
Tripura,28/01/2021,24302
Tripura,29/01/2021,27617
Tripura,30/01/2021,29796
Tripura,31/01/2021,29796
Tripura,01/02/2021,31190
Tripura,02/02/2021,32196
Tripura,03/02/2021,32340
Tripura,04/02/2021,35191
Tripura,05/02/2021,37359
Tripura,06/02/2021,40347
Tripura,07/02/2021,40405
Tripura,08/02/2021,45674
Tripura,09/02/2021,51449
Tripura,10/02/2021,52908
Tripura,11/02/2021,59438
Tripura,12/02/2021,65288
Tripura,13/02/2021,69562
Tripura,14/02/2021,69562
Tripura,15/02/2021,75305
Tripura,16/02/2021,75415
Tripura,17/02/2021,77926
Tripura,18/02/2021,85796
Tripura,19/02/2021,92176
Tripura,20/02/2021,93956
Tripura,21/02/2021,93956
Tripura,22/02/2021,99320
Tripura,23/02/2021,102138
Tripura,24/02/2021,102752
Tripura,25/02/2021,108014
Tripura,26/02/2021,110978
Tripura,27/02/2021,110978
Tripura,28/02/2021,110978
Tripura,01/03/2021,113770
Tripura,02/03/2021,117869
Tripura,03/03/2021,119631
Tripura,04/03/2021,125814
Tripura,05/03/2021,132681
Tripura,06/03/2021,135221
Tripura,07/03/2021,135221
Tripura,08/03/2021,144674
Tripura,09/03/2021,152946
Tripura,10/03/2021,154910
Tripura,11/03/2021,156732
Tripura,12/03/2021,169109
Tripura,13/03/2021,172977
Tripura,14/03/2021,173490
Tripura,15/03/2021,194300
Tripura,16/03/2021,213483
Tripura,17/03/2021,223650
Uttar Pradesh,16/01/2021,21291
Uttar Pradesh,18/01/2021,22644
Uttar Pradesh,19/01/2021,22644
Uttar Pradesh,20/01/2021,22644
Uttar Pradesh,21/01/2021,22644
Uttar Pradesh,22/01/2021,123761
Uttar Pradesh,23/01/2021,123761
Uttar Pradesh,24/01/2021,123761
Uttar Pradesh,25/01/2021,123761
Uttar Pradesh,26/01/2021,123761
Uttar Pradesh,27/01/2021,123761
Uttar Pradesh,28/01/2021,294959
Uttar Pradesh,29/01/2021,463793
Uttar Pradesh,30/01/2021,463793
Uttar Pradesh,31/01/2021,463793
Uttar Pradesh,01/02/2021,463793
Uttar Pradesh,02/02/2021,463793
Uttar Pradesh,03/02/2021,463793
Uttar Pradesh,04/02/2021,589101
Uttar Pradesh,05/02/2021,673542
Uttar Pradesh,06/02/2021,673542
Uttar Pradesh,07/02/2021,673542
Uttar Pradesh,08/02/2021,673542
Uttar Pradesh,09/02/2021,673542
Uttar Pradesh,10/02/2021,673542
Uttar Pradesh,11/02/2021,763421
Uttar Pradesh,12/02/2021,858602
Uttar Pradesh,13/02/2021,858602
Uttar Pradesh,14/02/2021,858602
Uttar Pradesh,15/02/2021,934962
Uttar Pradesh,16/02/2021,934962
Uttar Pradesh,17/02/2021,934962
Uttar Pradesh,18/02/2021,1070895
Uttar Pradesh,19/02/2021,1152042
Uttar Pradesh,20/02/2021,1152042
Uttar Pradesh,21/02/2021,1152042
Uttar Pradesh,22/02/2021,1226775
Uttar Pradesh,23/02/2021,1226775
Uttar Pradesh,24/02/2021,1226775
Uttar Pradesh,25/02/2021,1370739
Uttar Pradesh,26/02/2021,1480983
Uttar Pradesh,27/02/2021,1480983
Uttar Pradesh,28/02/2021,1480983
Uttar Pradesh,01/03/2021,1488421
Uttar Pradesh,02/03/2021,1488421
Uttar Pradesh,03/03/2021,1488421
Uttar Pradesh,04/03/2021,1592712
Uttar Pradesh,05/03/2021,1701661
Uttar Pradesh,06/03/2021,1711715
Uttar Pradesh,07/03/2021,1711715
Uttar Pradesh,08/03/2021,1918329
Uttar Pradesh,09/03/2021,1935522
Uttar Pradesh,10/03/2021,1956508
Uttar Pradesh,11/03/2021,1959312
Uttar Pradesh,12/03/2021,2289466
Uttar Pradesh,13/03/2021,2314913
Uttar Pradesh,14/03/2021,2320154
Uttar Pradesh,15/03/2021,2588894
Uttar Pradesh,16/03/2021,3143272
Uttar Pradesh,17/03/2021,3246323
Uttarakhand,16/01/2021,2276
Uttarakhand,18/01/2021,4237
Uttarakhand,19/01/2021,6107
Uttarakhand,20/01/2021,6119
Uttarakhand,21/01/2021,8206
Uttarakhand,22/01/2021,10514
Uttarakhand,23/01/2021,10514
Uttarakhand,24/01/2021,10514
Uttarakhand,25/01/2021,14546
Uttarakhand,26/01/2021,14546
Uttarakhand,27/01/2021,14690
Uttarakhand,28/01/2021,19517
Uttarakhand,29/01/2021,25818
Uttarakhand,30/01/2021,28791
Uttarakhand,31/01/2021,31228
Uttarakhand,01/02/2021,37505
Uttarakhand,02/02/2021,43430
Uttarakhand,03/02/2021,54153
Uttarakhand,04/02/2021,62858
Uttarakhand,05/02/2021,70292
Uttarakhand,06/02/2021,73762
Uttarakhand,07/02/2021,74607
Uttarakhand,08/02/2021,79283
Uttarakhand,09/02/2021,85359
Uttarakhand,10/02/2021,90483
Uttarakhand,11/02/2021,97618
Uttarakhand,12/02/2021,104052
Uttarakhand,13/02/2021,108974
Uttarakhand,14/02/2021,110326
Uttarakhand,15/02/2021,116702
Uttarakhand,16/02/2021,121726
Uttarakhand,17/02/2021,126719
Uttarakhand,18/02/2021,130700
Uttarakhand,19/02/2021,135452
Uttarakhand,20/02/2021,138054
Uttarakhand,21/02/2021,138550
Uttarakhand,22/02/2021,143318
Uttarakhand,23/02/2021,147300
Uttarakhand,24/02/2021,151002
Uttarakhand,25/02/2021,154994
Uttarakhand,26/02/2021,161786
Uttarakhand,27/02/2021,161786
Uttarakhand,28/02/2021,161786
Uttarakhand,01/03/2021,165512
Uttarakhand,02/03/2021,174562
Uttarakhand,03/03/2021,185793
Uttarakhand,04/03/2021,206358
Uttarakhand,05/03/2021,225030
Uttarakhand,06/03/2021,242892
Uttarakhand,07/03/2021,243782
Uttarakhand,08/03/2021,266326
Uttarakhand,09/03/2021,289273
Uttarakhand,10/03/2021,304698
Uttarakhand,11/03/2021,307971
Uttarakhand,12/03/2021,337620
Uttarakhand,13/03/2021,355592
Uttarakhand,14/03/2021,357156
Uttarakhand,15/03/2021,387539
Uttarakhand,16/03/2021,418468
Uttarakhand,17/03/2021,437067
West Bengal,16/01/2021,9730
West Bengal,18/01/2021,29866
West Bengal,19/01/2021,42093
West Bengal,20/01/2021,46310
West Bengal,21/01/2021,53988
West Bengal,22/01/2021,84505
West Bengal,23/01/2021,84505
West Bengal,24/01/2021,84505
West Bengal,25/01/2021,122851
West Bengal,26/01/2021,122851
West Bengal,27/01/2021,158193
West Bengal,28/01/2021,187485
West Bengal,29/01/2021,221994
West Bengal,30/01/2021,243069
West Bengal,31/01/2021,243143
West Bengal,01/02/2021,266407
West Bengal,02/02/2021,288245
West Bengal,03/02/2021,301091
West Bengal,04/02/2021,320668
West Bengal,05/02/2021,344227
West Bengal,06/02/2021,354000
West Bengal,07/02/2021,354000
West Bengal,08/02/2021,377608
West Bengal,09/02/2021,404001
West Bengal,10/02/2021,427042
West Bengal,11/02/2021,453303
West Bengal,12/02/2021,485054
West Bengal,13/02/2021,515117
West Bengal,14/02/2021,516952
West Bengal,15/02/2021,555120
West Bengal,16/02/2021,556450
West Bengal,17/02/2021,573746
West Bengal,18/02/2021,607535
West Bengal,19/02/2021,650976
West Bengal,20/02/2021,683057
West Bengal,21/02/2021,689164
West Bengal,22/02/2021,743590
West Bengal,23/02/2021,801677
West Bengal,24/02/2021,886491
West Bengal,25/02/2021,993106
West Bengal,26/02/2021,1106181
West Bengal,27/02/2021,1106181
West Bengal,28/02/2021,1106181
West Bengal,01/03/2021,1124158
West Bengal,02/03/2021,1192882
West Bengal,03/03/2021,1279958
West Bengal,04/03/2021,1376553
West Bengal,05/03/2021,1487060
West Bengal,06/03/2021,1580799
West Bengal,07/03/2021,1591868
West Bengal,08/03/2021,1730022
West Bengal,09/03/2021,1889064
West Bengal,10/03/2021,2025599
West Bengal,11/03/2021,2092262
West Bengal,12/03/2021,2291486
West Bengal,13/03/2021,2421424
West Bengal,14/03/2021,2435983
West Bengal,15/03/2021,2608052
West Bengal,16/03/2021,2886955
West Bengal,17/03/2021,3017035
Miscellaneous,16/01/2021,0
Miscellaneous,18/01/2021,14017
Miscellaneous,19/01/2021,14017
Miscellaneous,20/01/2021,26940
Miscellaneous,21/01/2021,32297
Miscellaneous,22/01/2021,36926
Miscellaneous,23/01/2021,40144
Miscellaneous,24/01/2021,40284
Miscellaneous,25/01/2021,43625
Miscellaneous,26/01/2021,43675
Miscellaneous,27/01/2021,46325
Miscellaneous,28/01/2021,48401
Miscellaneous,29/01/2021,50078
Miscellaneous,30/01/2021,52120
Miscellaneous,31/01/2021,52120
Miscellaneous,01/02/2021,54019
Miscellaneous,02/02/2021,55606
Miscellaneous,03/02/2021,57212
Miscellaneous,04/02/2021,58406
Miscellaneous,05/02/2021,60507
Miscellaneous,06/02/2021,62057
Miscellaneous,07/02/2021,62057
Miscellaneous,08/02/2021,63510
Miscellaneous,09/02/2021,67238
Miscellaneous,10/02/2021,74366
Miscellaneous,11/02/2021,84999
Miscellaneous,12/02/2021,99509
Miscellaneous,13/02/2021,115272
Miscellaneous,14/02/2021,116448
Miscellaneous,15/02/2021,136322
Miscellaneous,16/02/2021,165375
Miscellaneous,17/02/2021,205300
Miscellaneous,18/02/2021,249012
Miscellaneous,19/02/2021,291760
Miscellaneous,20/02/2021,338147
Miscellaneous,21/02/2021,341572
Miscellaneous,22/02/2021,392177
Miscellaneous,23/02/2021,454293
Miscellaneous,24/02/2021,508454
Miscellaneous,25/02/2021,564478
Miscellaneous,26/02/2021,625744
Miscellaneous,27/02/2021,684463
Miscellaneous,28/02/2021,684463
Miscellaneous,01/03/2021,757658
Miscellaneous,02/03/2021,853064
Miscellaneous,03/03/2021,941959
Miscellaneous,04/03/2021,1025520
Miscellaneous,05/03/2021,1106180
Miscellaneous,06/03/2021,1172192
Miscellaneous,07/03/2021,1177622
Miscellaneous,08/03/2021,1228341
Miscellaneous,09/03/2021,1272081
Miscellaneous,10/03/2021,1305958
Miscellaneous,11/03/2021,1336715
Miscellaneous,12/03/2021,1361478
Miscellaneous,13/03/2021,1395616
Miscellaneous,14/03/2021,1396722
Miscellaneous,15/03/2021,1438216
Miscellaneous,16/03/2021,1484329
Miscellaneous,17/03/2021,1527272
Total,16/01/2021,191181
Total,18/01/2021,454049
Total,19/01/2021,630417
Total,20/01/2021,806484
Total,21/01/2021,1043534
Total,22/01/2021,1390592
Total,23/01/2021,1582201
Total,24/01/2021,1615504
Total,25/01/2021,2023809
Total,26/01/2021,2029480
Total,27/01/2021,2355979
Total,28/01/2021,2928053
Total,29/01/2021,3500027
Total,30/01/2021,3744334
Total,31/01/2021,3758843
Total,01/02/2021,3950156
Total,02/02/2021,4138918
Total,03/02/2021,4449552
Total,04/02/2021,4959445
Total,05/02/2021,5416849
Total,06/02/2021,5775322
Total,07/02/2021,5812362
Total,08/02/2021,6259008
Total,09/02/2021,6611561
Total,10/02/2021,7017114
Total,11/02/2021,7505010
Total,12/02/2021,7967647
Total,13/02/2021,8263858
Total,14/02/2021,8285295
Total,15/02/2021,8720822
Total,16/02/2021,8999230
Total,17/02/2021,9422228
Total,18/02/2021,10188007
Total,19/02/2021,10715204
Total,20/02/2021,11085173
Total,21/02/2021,11116854
Total,22/02/2021,11745552
Total,23/02/2021,12165598
Total,24/02/2021,12671163
Total,25/02/2021,13472643
Total,26/02/2021,14242547
Total,27/02/2021,14301266
Total,28/02/2021,14301266
Total,01/03/2021,14854136
Total,02/03/2021,15620749
Total,03/03/2021,16616048
Total,04/03/2021,18005503
Total,05/03/2021,19497704
Total,06/03/2021,20922344
Total,07/03/2021,20989010
Total,08/03/2021,23008733
Total,09/03/2021,24367906
Total,10/03/2021,25685011
Total,11/03/2021,26164920
Total,12/03/2021,28218457
Total,13/03/2021,29738409
Total,14/03/2021,29908038
Total,15/03/2021,32947432
Total,16/03/2021,35064536
Total,17/03/2021,37143255
